{"topic_13": [0.003498739883634361, 0.00050043759299645, 0.0038467230896211957, 0.0033081951045063063, 8.842340657799763e-05, 0.00046806821865030823, 0.00942033580767887, 0.012409200750263527, 0.014638250928678542, 0.0017300015416684689, 0.0012269521963275132, 0.0009169353126812219, 0.001593807575447248, 0.9999999999990606, 0.0002744612322852502], "topic_12": [0.03236445895145468, 0.1152196174716611, 0.029523800614119966, 0.034075237163023187, 0.014652354462884376, 0.034941201400099486, 0.17106210596183624, 0.013375970681527849, 0.020607406968437658, 0.004892894022056615, 0.01174049959518586, 0.030000950775593727, 0.9999999999992794, 0.001593807575447248, 0.150861564563737], "topic_11": [0.17596549621846136, 0.0246103446722592, 0.03073837847889349, 0.1429005889629199, 0.0585121981546477, 0.055194178479140876, 0.1865746654120587, 0.06750213591098497, 0.1899071072204147, 0.13857957443864422, 0.1009897781923843, 0.9999999999998014, 0.030000950775593727, 0.0009169353126812219, 0.07173472201782605], "topic_10": [0.34609644479702306, 0.011444416762061982, 0.0257213223361078, 0.19246395070459055, 0.008913348927681364, 0.02964030426512443, 0.06840796688747586, 0.07437112163074411, 0.11605367072011963, 0.1341277887525597, 0.9999999999991169, 0.1009897781923843, 0.01174049959518586, 0.0012269521963275132, 0.1514344767791319], "topic_14": [0.17615837149532054, 0.054525152161517765, 0.04256714274798146, 0.06353257438577531, 0.020759138350177064, 0.029367832654663584, 0.2183008854113987, 0.06684033972650694, 0.16080369826098273, 0.1417803563597695, 0.15143447677913202, 0.07173472201782616, 0.150861564563737, 0.0002744612322852502, 0.9999999999984531], "topic_7": [0.10601213615078608, 0.013366619771160049, 0.02747306407645833, 0.09775410774272764, 0.07891901451798244, 0.15238265272365636, 0.19112311353578182, 0.9999999999999732, 0.17759967611414118, 0.05859535148556061, 0.07437112163074411, 0.06750213591098497, 0.013375970681527849, 0.012409200750263527, 0.06684033972650694], "topic_6": [0.16164358656773514, 0.03345895098902263, 0.0377032543989535, 0.14425116778725844, 0.10394910141199121, 0.3199118873919875, 1.0000000000013514, 0.19112311353578182, 0.26674284781519986, 0.09246195294931236, 0.06840796688747586, 0.1865746654120587, 0.17106210596183624, 0.00942033580767887, 0.2183008854113988], "topic_5": [0.19267089293161188, 0.006740794627281832, 0.014966192057853878, 0.1457900577764477, 0.01542591978415997, 1.0000000000004288, 0.3199118873919875, 0.15238265272365636, 0.12411828584633233, 0.06261958181026361, 0.02964030426512443, 0.055194178479140876, 0.034941201400099486, 0.00046806821865030823, 0.029367832654663584], "topic_4": [0.016575301977854284, 0.0114953312251731, 0.009506040797552129, 0.017803985867588246, 0.9999999999978758, 0.01542591978415997, 0.10394910141199121, 0.07891901451798244, 0.17709483621482092, 0.027034251977239854, 0.008913348927681364, 0.0585121981546477, 0.014652354462884376, 8.842340657799763e-05, 0.020759138350177064], "topic_3": [0.16078505878164306, 0.026931016803651175, 0.02044512697036438, 0.9999999999993242, 0.017803985867588246, 0.1457900577764477, 0.14425116778725844, 0.09775410774272764, 0.13138068887826349, 0.14757189516003177, 0.19246395070459055, 0.1429005889629199, 0.034075237163023187, 0.0033081951045063063, 0.06353257438577531], "topic_2": [0.03031456556579082, 0.025232295313625808, 0.9999999999988071, 0.02044512697036438, 0.009506040797552129, 0.014966192057853878, 0.0377032543989535, 0.02747306407645833, 0.054763883407453084, 0.03386474558576158, 0.0257213223361078, 0.03073837847889349, 0.029523800614119966, 0.0038467230896211957, 0.042567142747981346], "topic_1": [0.02770711997080244, 0.9999999999996619, 0.025232295313625808, 0.026931016803651175, 0.0114953312251731, 0.006740794627281832, 0.03345895098902263, 0.013366619771160049, 0.011848669655250221, 0.008831828251122942, 0.011444416762061982, 0.0246103446722592, 0.1152196174716611, 0.00050043759299645, 0.054525152161517876], "topic_0": [0.9999999999979189, 0.02770711997080244, 0.03031456556579082, 0.16078505878164306, 0.016575301977854284, 0.19267089293161188, 0.16164358656773514, 0.10601213615078608, 0.14959379180328547, 0.1723551862248216, 0.34609644479702306, 0.17596549621846136, 0.03236445895145468, 0.003498739883634361, 0.17615837149532054], "topic_9": [0.1723551862248216, 0.008831828251122942, 0.03386474558576158, 0.14757189516003177, 0.027034251977239854, 0.06261958181026361, 0.09246195294931236, 0.05859535148556061, 0.11812774709036611, 1.0000000000009446, 0.1341277887525597, 0.13857957443864422, 0.004892894022056615, 0.0017300015416684689, 0.1417803563597695], "topic_8": [0.14959379180328547, 0.011848669655250221, 0.054763883407453084, 0.13138068887826349, 0.17709483621482092, 0.12411828584633233, 0.26674284781519986, 0.17759967611414118, 1.000000000001908, 0.11812774709036611, 0.11605367072011963, 0.1899071072204147, 0.020607406968437658, 0.014638250928678542, 0.16080369826098273]}